,runtime_og,runtime_gen
0,1.552461862564087,1.416214942932129
