,runtime_og,runtime_gen
0,1.532416582107544,1.4489428997039795
