,runtime_og,runtime_gen
0,1.5103659629821777,1.4698758125305176
