,runtime_og,runtime_gen
0,1.531728982925415,2.2797470092773438
