,runtime_og,runtime_gen
0,1.5298278331756592,2.31845760345459
